{"lr": 0.0001, "n_epoch": 50, "train_loss": 0.37255071691104347, "test_loss": 0.4146261798791559}