{"lr": 0.001, "n_epoch": 100, "train_loss": 0.3544541224411556, "test_loss": 0.4304226335463868}