{"lr": 0.01, "n_epoch": 1000, "train_loss": 1.9131089846293132, "test_loss": 1.9402010939420402}