{"lr": 0.0001, "n_epoch": 2000, "train_loss": 0.1945485999754497, "test_loss": 0.5953534299883099}