{"lr": 0.01, "n_epoch": 10, "train_loss": 1.9233686735516502, "test_loss": 1.9066842803483681}