{"lr": 0.01, "n_epoch": 100, "train_loss": 1.9129928114300683, "test_loss": 1.9416861108047427}