{"lr": 0.01, "n_epoch": 2000, "train_loss": 1.9120238581157867, "test_loss": 1.9412878339281554}