{"lr": 1e-05, "n_epoch": 1000, "train_loss": 0.266507085504986, "test_loss": 0.40929430360576496}