{"lr": 0.0001, "n_epoch": 500, "train_loss": 0.22087081330163139, "test_loss": 0.4849310302009147}