{"lr": 1e-05, "n_epoch": 500, "train_loss": 0.30609735534304666, "test_loss": 0.39595466806861385}