{"lr": 0.0001, "n_epoch": 1000, "train_loss": 0.1886791548558644, "test_loss": 0.7414776864160603}