{"lr": 0.001, "n_epoch": 1000, "train_loss": 0.23743084987004598, "test_loss": 1.2614597098002416}