{"lr": 0.01, "n_epoch": 50, "train_loss": 1.9230209952309019, "test_loss": 1.905094444525106}