{"lr": 1e-05, "n_epoch": 100, "train_loss": 0.4545497886907487, "test_loss": 0.42894483496481023}