{"lr": 0.0001, "n_epoch": 100, "train_loss": 0.37360112088067193, "test_loss": 0.37586649855733373}