{"lr": 0.01, "n_epoch": 500, "train_loss": 1.9125159095582507, "test_loss": 1.9410117461200902}