{"lr": 0.0001, "n_epoch": 10, "train_loss": 0.5409790195737566, "test_loss": 0.5017501752639452}