{"lr": 0.001, "n_epoch": 500, "train_loss": 0.24470879134677706, "test_loss": 0.7818947840099553}