{"lr": 0.001, "n_epoch": 2000, "train_loss": 0.39073489404859996, "test_loss": 7.845807632112685}