{"lr": 1e-05, "n_epoch": 2000, "train_loss": 0.20942257563273112, "test_loss": 0.5214830385414819}